{
  "best_model": "LogisticRegression",
  "metrics": {
    "LogisticRegression": {
      "cv_f1_mean": 0.4561531787213773,
      "cv_f1_std": 0.030627258925179555,
      "accuracy": 0.515,
      "precision": 0.5150135121609448,
      "recall": 0.515,
      "f1": 0.5148908504413493,
      "classification_report": "              precision    recall  f1-score   support\n\n           0       0.51      0.53      0.52       100\n           1       0.52      0.50      0.51       100\n\n    accuracy                           0.52       200\n   macro avg       0.52      0.52      0.51       200\nweighted avg       0.52      0.52      0.51       200\n",
      "confusion_matrix": [
        [
          53,
          47
        ],
        [
          50,
          50
        ]
      ]
    },
    "RandomForest": {
      "cv_f1_mean": 0.4658154609217001,
      "cv_f1_std": 0.02954508535991792,
      "accuracy": 0.505,
      "precision": 0.5050005000500051,
      "recall": 0.505,
      "f1": 0.5049876246906172,
      "classification_report": "              precision    recall  f1-score   support\n\n           0       0.51      0.50      0.50       100\n           1       0.50      0.51      0.51       100\n\n    accuracy                           0.51       200\n   macro avg       0.51      0.51      0.50       200\nweighted avg       0.51      0.51      0.50       200\n",
      "confusion_matrix": [
        [
          50,
          50
        ],
        [
          49,
          51
        ]
      ]
    },
    "XGBoost": {
      "cv_f1_mean": 0.47354898135189644,
      "cv_f1_std": 0.02750058650750909,
      "accuracy": 0.49,
      "precision": 0.48993558776167473,
      "recall": 0.49,
      "f1": 0.4891826923076923,
      "classification_report": "              precision    recall  f1-score   support\n\n           0       0.49      0.53      0.51       100\n           1       0.49      0.45      0.47       100\n\n    accuracy                           0.49       200\n   macro avg       0.49      0.49      0.49       200\nweighted avg       0.49      0.49      0.49       200\n",
      "confusion_matrix": [
        [
          53,
          47
        ],
        [
          55,
          45
        ]
      ]
    }
  }
}