{
  "best_model": "LogisticRegression",
  "metrics": {
    "LogisticRegression": {
      "cv_f1_mean": 0.4773333065943772,
      "cv_f1_std": 0.04301005892355213,
      "accuracy": 0.515,
      "precision": 0.5150375939849624,
      "recall": 0.515,
      "f1": 0.5146966854283928,
      "classification_report": "              precision    recall  f1-score   support\n\n           0       0.52      0.49      0.50       100\n           1       0.51      0.54      0.53       100\n\n    accuracy                           0.52       200\n   macro avg       0.52      0.52      0.51       200\nweighted avg       0.52      0.52      0.51       200\n",
      "confusion_matrix": [
        [
          49,
          51
        ],
        [
          46,
          54
        ]
      ]
    },
    "RandomForest": {
      "cv_f1_mean": 0.4673156303586605,
      "cv_f1_std": 0.04843036075290237,
      "accuracy": 0.51,
      "precision": 0.51010101010101,
      "recall": 0.51,
      "f1": 0.5087719298245613,
      "classification_report": "              precision    recall  f1-score   support\n\n           0       0.51      0.56      0.53       100\n           1       0.51      0.46      0.48       100\n\n    accuracy                           0.51       200\n   macro avg       0.51      0.51      0.51       200\nweighted avg       0.51      0.51      0.51       200\n",
      "confusion_matrix": [
        [
          56,
          44
        ],
        [
          54,
          46
        ]
      ]
    },
    "XGBoost": {
      "cv_f1_mean": 0.484916948452628,
      "cv_f1_std": 0.022629676842678883,
      "accuracy": 0.47,
      "precision": 0.46998799519807916,
      "recall": 0.47,
      "f1": 0.46994699469946993,
      "classification_report": "              precision    recall  f1-score   support\n\n           0       0.47      0.46      0.46       100\n           1       0.47      0.48      0.48       100\n\n    accuracy                           0.47       200\n   macro avg       0.47      0.47      0.47       200\nweighted avg       0.47      0.47      0.47       200\n",
      "confusion_matrix": [
        [
          46,
          54
        ],
        [
          52,
          48
        ]
      ]
    }
  }
}